Model,RMSE,MAE,Precision@10,Recall@10
User-Based CF,1.0698758083120263,0.8489843288391615,0.622835765624737,0.7443111397106419
Item-Based CF,1.141011403043971,0.9031440313922328,0.5854020434614283,0.7116968928536802
SVD,0.985608124285151,0.7804740058447293,0.6185939840764868,0.741517608280696
